Keyword Text,Average Monthly Searches,Competition
bakery,0,UNSPECIFIED
cake shop,0,UNSPECIFIED
bakery near me,0,UNSPECIFIED
cake shop near me,0,UNSPECIFIED
cakes near me,0,UNSPECIFIED
cupcakes near me,0,UNSPECIFIED
order cake online,0,UNSPECIFIED
birthday cake near me,0,UNSPECIFIED
corner bakery catering,0,UNSPECIFIED
publix bakery,0,UNSPECIFIED
custom cakes near me,0,UNSPECIFIED
levain cookies,0,UNSPECIFIED
publix cakes,0,UNSPECIFIED
gluten free sourdough bread,0,UNSPECIFIED
wedding cakes near me,0,UNSPECIFIED
cakes online,0,UNSPECIFIED
cake bakery near me,0,UNSPECIFIED
publix cake order,0,UNSPECIFIED
gluten free bakery near me,0,UNSPECIFIED
canyon bakehouse gluten free bread,0,UNSPECIFIED
kringle pastry,0,UNSPECIFIED
paris baguette near me,0,UNSPECIFIED
vegan cake near me,0,UNSPECIFIED
carvel ice cream cake,0,UNSPECIFIED
birthday cake online order,0,UNSPECIFIED
cake makers near me,0,UNSPECIFIED
gluten free bakery,0,UNSPECIFIED
bread co,0,UNSPECIFIED
sara lee bread,0,UNSPECIFIED
birthday cake shop near me,0,UNSPECIFIED
bread proofer,0,UNSPECIFIED
carlos bakery,0,UNSPECIFIED
best cakes near me,0,UNSPECIFIED
whole foods bakery,0,UNSPECIFIED
lavash bread,0,UNSPECIFIED
best cake shop near me,0,UNSPECIFIED
vegan bakery near me,0,UNSPECIFIED
order cake online near me,0,UNSPECIFIED
thomas english muffins,0,UNSPECIFIED
vegan treats,0,UNSPECIFIED
gluten free cakes near me,0,UNSPECIFIED
grain free bread,0,UNSPECIFIED
thomas bagels,0,UNSPECIFIED
cake order near me,0,UNSPECIFIED
bakery website,0,UNSPECIFIED
walmart birthday cakes,0,UNSPECIFIED
oroweat keto bread,0,UNSPECIFIED
the cake shop,0,UNSPECIFIED
king arthur baking company,0,UNSPECIFIED
stop and shop bakery,0,UNSPECIFIED
pastries near me,0,UNSPECIFIED
french bakery near me,0,UNSPECIFIED
gambino's king cake,0,UNSPECIFIED
best bakery near me,0,UNSPECIFIED
freedom bakery,0,UNSPECIFIED
online bakery,0,UNSPECIFIED
custom birthday cakes near me,0,UNSPECIFIED
lewis keto bread,0,UNSPECIFIED
online cakes,0,UNSPECIFIED
sara lee artesano bread,0,UNSPECIFIED
artesano bread,0,UNSPECIFIED
gluten free desserts near me,0,UNSPECIFIED
publix bakery cakes,0,UNSPECIFIED
vegan cupcakes near me,0,UNSPECIFIED
buy cake online,0,UNSPECIFIED
sugar free cake near me,0,UNSPECIFIED
meijer bakery,0,UNSPECIFIED
country harvest bread,0,UNSPECIFIED
pastry shop near me,0,UNSPECIFIED
best cupcakes near me,0,UNSPECIFIED
cake store near me,0,UNSPECIFIED
cake boss bakery,0,UNSPECIFIED
vegan desserts near me,0,UNSPECIFIED
publix bakery near me,0,UNSPECIFIED
cake places near me,0,UNSPECIFIED
sam's bakery,0,UNSPECIFIED
bundt cake store,0,UNSPECIFIED
walmart custom cakes,0,UNSPECIFIED
paul's bakery,0,UNSPECIFIED
gluten free cupcakes near me,0,UNSPECIFIED
cake box near me,0,UNSPECIFIED
walmart cupcakes,0,UNSPECIFIED
tall cake box,0,UNSPECIFIED
oh danish bakery,0,UNSPECIFIED
vegan bakery,0,UNSPECIFIED
artisan bread,0,UNSPECIFIED
healthy life keto bread,0,UNSPECIFIED
keto bakery,0,UNSPECIFIED
sara lee 45 calorie bread,0,UNSPECIFIED
cakes for birthday,0,UNSPECIFIED
bread bakery near me,0,UNSPECIFIED
french bread,0,UNSPECIFIED
italian bread,0,UNSPECIFIED
walmart bakery cakes,0,UNSPECIFIED
organic bread,0,UNSPECIFIED
hamburger buns,0,UNSPECIFIED
custom cupcakes near me,0,UNSPECIFIED
stop and shop cakes,0,UNSPECIFIED
bakeries that deliver near me,0,UNSPECIFIED
the cake craft company,0,UNSPECIFIED
magnolia cupcakes,0,UNSPECIFIED
kroger custom cakes,0,UNSPECIFIED
cocktail rye bread,0,UNSPECIFIED
panaderia near me,0,UNSPECIFIED
wholesale bakery,0,UNSPECIFIED
cake bakery,0,UNSPECIFIED
nature's bakery brownie,0,UNSPECIFIED
birthday cake bakery near me,0,UNSPECIFIED
king cake near me,0,UNSPECIFIED
bakery shop near me,0,UNSPECIFIED
home bakery,0,UNSPECIFIED
croissants,0,UNSPECIFIED
kroger bakery cakes,0,UNSPECIFIED
sam's club bakery order online,0,UNSPECIFIED
keto bakery near me,0,UNSPECIFIED
kringle danish,0,UNSPECIFIED
sourdough bread near me,0,UNSPECIFIED
nature's own bread,0,UNSPECIFIED
sara lee delightful white bread,0,UNSPECIFIED
kroger birthday cakes,0,UNSPECIFIED
mini croissants,0,UNSPECIFIED
organic sourdough bread,0,UNSPECIFIED
wedding cake bakery near me,0,UNSPECIFIED
bakery franchise,0,UNSPECIFIED
specialty cakes near me,0,UNSPECIFIED
italian bakery near me,0,UNSPECIFIED
publix bakery order,0,UNSPECIFIED
patisserie near me,0,UNSPECIFIED
vegan birthday cake near me,0,UNSPECIFIED
keto desserts near me,0,UNSPECIFIED
portos bakery,0,UNSPECIFIED
bakery box,0,UNSPECIFIED
pastries,0,UNSPECIFIED
joseph's lavash bread,0,UNSPECIFIED
sam's club cakes,0,UNSPECIFIED
dominique ansel bakery,0,UNSPECIFIED
voortman sugar free cookies,0,UNSPECIFIED
strawberry cake near me,0,UNSPECIFIED
paul cake,0,UNSPECIFIED
gluten free baked goods,0,UNSPECIFIED
low carb pita bread,0,UNSPECIFIED
whole wheat sourdough bread,0,UNSPECIFIED
publix bakery order online,0,UNSPECIFIED
sara lee honey wheat bread,0,UNSPECIFIED
tartine bread,0,UNSPECIFIED
german bread,0,UNSPECIFIED
corner bakery near me,0,UNSPECIFIED
safeway cake order,0,UNSPECIFIED
sprinkles cupcakes near me,0,UNSPECIFIED
silver hills sprouted bread,0,UNSPECIFIED
buy cake,0,UNSPECIFIED
gluten free pastries,0,UNSPECIFIED
baked goods,0,UNSPECIFIED
keto bread costco,0,UNSPECIFIED
paris baguette cakes,0,UNSPECIFIED
buy cake near me,0,UNSPECIFIED
croissants near me,0,UNSPECIFIED
buy birthday cake,0,UNSPECIFIED
sugar free bakery near me,0,UNSPECIFIED
cornerbakery,0,UNSPECIFIED
magnolias bakery,0,UNSPECIFIED
sugar free desserts near me,0,UNSPECIFIED
vons bakery,0,UNSPECIFIED
pauls bakery,0,UNSPECIFIED
eggless cake shop,0,UNSPECIFIED
french pastries,0,UNSPECIFIED
gluten free bagels near me,0,UNSPECIFIED
gourmet cupcakes near me,0,UNSPECIFIED
cake boss cakes,0,UNSPECIFIED
pastry box,0,UNSPECIFIED
bundt cake bakery,0,UNSPECIFIED
sweeties bakery,0,UNSPECIFIED
near by cake shop,0,UNSPECIFIED
nearest bakery,0,UNSPECIFIED
bread near me,0,UNSPECIFIED
walmart bakery order online,0,UNSPECIFIED
muffins near me,0,UNSPECIFIED
cookie bakery near me,0,UNSPECIFIED
bakery for sale,0,UNSPECIFIED
whole grain sourdough bread,0,UNSPECIFIED
oh bakery,0,UNSPECIFIED
bread baker,0,UNSPECIFIED
local bakery near me,0,UNSPECIFIED
the cake company,0,UNSPECIFIED
wegmans bakery order,0,UNSPECIFIED
keto bread near me,0,UNSPECIFIED
bread rolls,0,UNSPECIFIED
bundt cake shop,0,UNSPECIFIED
best sourdough bread,0,UNSPECIFIED
central market bakery,0,UNSPECIFIED
italian bakery,0,UNSPECIFIED
hawaiian keto bread,0,UNSPECIFIED
milkbar cake,0,UNSPECIFIED
bakery shop,0,UNSPECIFIED
safeway cake,0,UNSPECIFIED
king soopers bakery,0,UNSPECIFIED
franz keto bread,0,UNSPECIFIED
647 bread near me,0,UNSPECIFIED
whole foods bakery cakes,0,UNSPECIFIED
spelt sourdough bread,0,UNSPECIFIED
cakery,0,UNSPECIFIED
birthday cake makers near me,0,UNSPECIFIED
haagen dazs ice cream cake,0,UNSPECIFIED
giant bakery,0,UNSPECIFIED
nearby cake shop,0,UNSPECIFIED
cuban bakery near me,0,UNSPECIFIED
nature bakery,0,UNSPECIFIED
meijer cakes,0,UNSPECIFIED
mr baker cake,0,UNSPECIFIED
keto cake near me,0,UNSPECIFIED
publix custom cakes,0,UNSPECIFIED
danish bakery,0,UNSPECIFIED
crumbs cupcakes,0,UNSPECIFIED
encanto birthday cake,0,UNSPECIFIED
cupcake bakery near me,0,UNSPECIFIED
cake decorators near me,0,UNSPECIFIED
babka bread,0,UNSPECIFIED
occasions cake shop,0,UNSPECIFIED
gender reveal cakes near me,0,UNSPECIFIED
italian pastries,0,UNSPECIFIED
wegmans custom cakes,0,UNSPECIFIED
walmart cakes order,0,UNSPECIFIED
celebration cakes near me,0,UNSPECIFIED
paczki near me,0,UNSPECIFIED
strawberry emulsion,0,UNSPECIFIED
cup cake box,0,UNSPECIFIED
jewish bakery near me,0,UNSPECIFIED
cake designers near me,0,UNSPECIFIED
birthday cake online order near me,0,UNSPECIFIED
fresh bread bakery near me,0,UNSPECIFIED
specialty cakes,0,UNSPECIFIED
coffee cake near me,0,UNSPECIFIED
online cake shop,0,UNSPECIFIED
paul patisserie,0,UNSPECIFIED
unicorn cake near me,0,UNSPECIFIED
order cookie cake,0,UNSPECIFIED
gluten free birthday cake near me,0,UNSPECIFIED
local bakery,0,UNSPECIFIED
buy birthday cake near me,0,UNSPECIFIED
d italiano bread,0,UNSPECIFIED
wedding cake makers near me,0,UNSPECIFIED
fred meyer bakery,0,UNSPECIFIED
fresh bread near me,0,UNSPECIFIED
aldi sourdough bread,0,UNSPECIFIED
the cake decorating co,0,UNSPECIFIED
bakers kitchen,0,UNSPECIFIED
buy birthday cake online,0,UNSPECIFIED
levain bakery cookies,0,UNSPECIFIED
custom made birthday cakes near me,0,UNSPECIFIED
soy free bread,0,UNSPECIFIED
mexican bakery near me,0,UNSPECIFIED
cake craft shop,0,UNSPECIFIED
aunt millie's low carb bread,0,UNSPECIFIED
best birthday cake near me,0,UNSPECIFIED
100 whole wheat bread,0,UNSPECIFIED
dairy free cakes near me,0,UNSPECIFIED
custom made cakes near me,0,UNSPECIFIED
transparent cake box,0,UNSPECIFIED
birthday cake shop,0,UNSPECIFIED
bake my day,0,UNSPECIFIED
pasteleria near me,0,UNSPECIFIED
food lion bakery,0,UNSPECIFIED
puff pastry near me,0,UNSPECIFIED
jewel bakery,0,UNSPECIFIED
melissa bakery,0,UNSPECIFIED
crumbs bakery,0,UNSPECIFIED
baking store,0,UNSPECIFIED
coles bread,0,UNSPECIFIED
tastykake pies,0,UNSPECIFIED
thin bread,0,UNSPECIFIED
stonefire naan bread,0,UNSPECIFIED
naan bread near me,0,UNSPECIFIED
magnolia bakery near me,0,UNSPECIFIED
sweet laurel bakery,0,UNSPECIFIED
sam's club bakery order,0,UNSPECIFIED
irish soda bread near me,0,UNSPECIFIED
bakers delight near me,0,UNSPECIFIED
brownberry bread,0,UNSPECIFIED
keto culture bread,0,UNSPECIFIED
baking shop,0,UNSPECIFIED
safeway bakery order,0,UNSPECIFIED
entenmann's crumb cake,0,UNSPECIFIED
45 calorie bread,0,UNSPECIFIED
boulangerie near me,0,UNSPECIFIED
cake places,0,UNSPECIFIED
kroger bakery cake order,0,UNSPECIFIED
sugar free cupcakes near me,0,UNSPECIFIED
bakery cakes,0,UNSPECIFIED
vegan pastries,0,UNSPECIFIED
fruit cake for sale,0,UNSPECIFIED
pepperidge farm cakes,0,UNSPECIFIED
sam's club bakery cakes,0,UNSPECIFIED
portos near me,0,UNSPECIFIED
ralphs bakery,0,UNSPECIFIED
dark rye bread,0,UNSPECIFIED
carlo's bake shop,0,UNSPECIFIED
porto bakery,0,UNSPECIFIED
whole foods bakery order,0,UNSPECIFIED
heb cake order,0,UNSPECIFIED
mini pita bread,0,UNSPECIFIED
mia bakery,0,UNSPECIFIED
cupcake cakes near me,0,UNSPECIFIED
harris teeter cakes,0,UNSPECIFIED
krogers bakery,0,UNSPECIFIED
fresh market bakery,0,UNSPECIFIED
cheap birthday cakes,0,UNSPECIFIED
buy cupcakes,0,UNSPECIFIED
local cake makers,0,UNSPECIFIED
gluten free pastries near me,0,UNSPECIFIED
wegmans bakery cakes,0,UNSPECIFIED
uprising bread,0,UNSPECIFIED
danish rye bread,0,UNSPECIFIED
walmart bakery order,0,UNSPECIFIED
strawberry hill baking company,0,UNSPECIFIED
sourdough bread bowl,0,UNSPECIFIED
shatila baklava,0,UNSPECIFIED
tatte order online,0,UNSPECIFIED
walmart cupcakes order,0,UNSPECIFIED
dominique ansel,0,UNSPECIFIED
nut free bakery near me,0,UNSPECIFIED
cake box cake,0,UNSPECIFIED
art bakery,0,UNSPECIFIED
best cake bakery near me,0,UNSPECIFIED
halal cake shop near me,0,UNSPECIFIED
tom thumb bakery,0,UNSPECIFIED
carlos bake shop,0,UNSPECIFIED
entenmann's pound cake,0,UNSPECIFIED
online bakery order,0,UNSPECIFIED
stop and shop cake order,0,UNSPECIFIED
good cakes near me,0,UNSPECIFIED
cupcake bakery,0,UNSPECIFIED
little debbie valentine cakes,0,UNSPECIFIED
cinnaholic near me,0,UNSPECIFIED
salt rising bread,0,UNSPECIFIED
sourdough rye bread,0,UNSPECIFIED
kobo bakery,0,UNSPECIFIED
baking store near me,0,UNSPECIFIED
kroger bakery custom cakes,0,UNSPECIFIED
mini pastries,0,UNSPECIFIED
strawberry hill bakery,0,UNSPECIFIED
vegan baked goods,0,UNSPECIFIED
sourdough bread company,0,UNSPECIFIED
birthday cup cakes,0,UNSPECIFIED
slice cake,0,UNSPECIFIED
best pastries near me,0,UNSPECIFIED
german rye bread,0,UNSPECIFIED
portos cakes,0,UNSPECIFIED
carvel ice cream cake near me,0,UNSPECIFIED
publix bread,0,UNSPECIFIED
babka near me,0,UNSPECIFIED
bakery cookies,0,UNSPECIFIED
cranberry walnut bread,0,UNSPECIFIED
halal cake shop,0,UNSPECIFIED
golden bakery,0,UNSPECIFIED
spongebob birthday cake,0,UNSPECIFIED
schnucks bakery,0,UNSPECIFIED
custom cake bakery near me,0,UNSPECIFIED
cupcake places near me,0,UNSPECIFIED
walmart bakery cake order,0,UNSPECIFIED
sara lee pound cake,0,UNSPECIFIED
just bake online order,0,UNSPECIFIED
cake decorating shop,0,UNSPECIFIED
harris teeter bakery,0,UNSPECIFIED
baguette bread,0,UNSPECIFIED
bundt cake store near me,0,UNSPECIFIED
stop & shop bakery,0,UNSPECIFIED
online cupcake order,0,UNSPECIFIED
cao bakery,0,UNSPECIFIED
artisan bakery,0,UNSPECIFIED
meijer bakery cakes,0,UNSPECIFIED
cakes and bakes near me,0,UNSPECIFIED
eggless cake shop near me,0,UNSPECIFIED
friendly's ice cream cake,0,UNSPECIFIED
fresh baked cookies near me,0,UNSPECIFIED
cheesecake factory brown bread,0,UNSPECIFIED
entenmann's chocolate cake,0,UNSPECIFIED
sprouted wheat bread,0,UNSPECIFIED
vons cakes,0,UNSPECIFIED
kroger bakery order,0,UNSPECIFIED
ukrops cakes,0,UNSPECIFIED
buddys bakery,0,UNSPECIFIED
french baguette near me,0,UNSPECIFIED
cocktail rye bread near me,0,UNSPECIFIED
german bakery near me,0,UNSPECIFIED
gender reveal cake near me,0,UNSPECIFIED
german chocolate cake mix,0,UNSPECIFIED
voortman wafers,0,UNSPECIFIED
magnolia bakery cake,0,UNSPECIFIED
nut free bakery,0,UNSPECIFIED
hoagie bread,0,UNSPECIFIED
sweet bakery,0,UNSPECIFIED
collins bakery fruit cake,0,UNSPECIFIED
target bakery,0,UNSPECIFIED
boudin sourdough,0,UNSPECIFIED
cannoli cake near me,0,UNSPECIFIED
sam's bakery cakes,0,UNSPECIFIED
baker brew,0,UNSPECIFIED
sam's club custom cakes,0,UNSPECIFIED
closest bakery,0,UNSPECIFIED
confetti birthday cake,0,UNSPECIFIED
cake stores,0,UNSPECIFIED
gender reveal cupcakes near me,0,UNSPECIFIED
strossner's,0,UNSPECIFIED
good bakery near me,0,UNSPECIFIED
nearby bakery,0,UNSPECIFIED
betty crocker vanilla cake mix,0,UNSPECIFIED
joseph's pita bread,0,UNSPECIFIED
vons bakery cakes,0,UNSPECIFIED
marble rye bread,0,UNSPECIFIED
dairy free desserts near me,0,UNSPECIFIED
walmart bakery birthday cakes,0,UNSPECIFIED
best cake shop,0,UNSPECIFIED
chinese bakery near me,0,UNSPECIFIED
st pierre brioche,0,UNSPECIFIED
bread co near me,0,UNSPECIFIED
buy cupcakes online,0,UNSPECIFIED
sweet bread,0,UNSPECIFIED
little debbie birthday cake,0,UNSPECIFIED
chantilly cake near me,0,UNSPECIFIED
roma bakery,0,UNSPECIFIED
pastry shop,0,UNSPECIFIED
strossner's bakery,0,UNSPECIFIED
custom bakery near me,0,UNSPECIFIED
cuban bread,0,UNSPECIFIED
little debbie strawberry shortcake,0,UNSPECIFIED
vegan pastries near me,0,UNSPECIFIED
levain chocolate chip cookies,0,UNSPECIFIED
walmart custom cake order,0,UNSPECIFIED
safeway bakery cakes,0,UNSPECIFIED
little debbie chocolate cakes,0,UNSPECIFIED
custom cake shop near me,0,UNSPECIFIED
home bakers near me,0,UNSPECIFIED
little debbie chocolate chip cakes,0,UNSPECIFIED
hannaford bakery,0,UNSPECIFIED
toufayan wraps,0,UNSPECIFIED
porto's order online,0,UNSPECIFIED
lewis bread,0,UNSPECIFIED
cuban bread near me,0,UNSPECIFIED
rimini bakery,0,UNSPECIFIED
cakes near me bakery,0,UNSPECIFIED
sugar bowl bakery madeleines,0,UNSPECIFIED
cocomelon cupcakes,0,UNSPECIFIED
ancient grains bread,0,UNSPECIFIED
bakehouse,0,UNSPECIFIED
yava bakery,0,UNSPECIFIED
buy cake pops,0,UNSPECIFIED
12 grain bread,0,UNSPECIFIED
halloween baked goods,0,UNSPECIFIED
keewah,0,UNSPECIFIED
french bread near me,0,UNSPECIFIED
cupcake store near me,0,UNSPECIFIED
fresh bread,0,UNSPECIFIED
jewish rye bread,0,UNSPECIFIED
wedding cake bakery,0,UNSPECIFIED
cake shop website,0,UNSPECIFIED
bakery near me now,0,UNSPECIFIED
cakes around me,0,UNSPECIFIED
korean bakery near me,0,UNSPECIFIED
a 1 bakery,0,UNSPECIFIED
hostess zingers,0,UNSPECIFIED
village bakery,0,UNSPECIFIED
bread shop near me,0,UNSPECIFIED
little debbie donut sticks,0,UNSPECIFIED
veg cake shop near me,0,UNSPECIFIED
vegan cake shop,0,UNSPECIFIED
safeway custom cakes,0,UNSPECIFIED
brioche hamburger buns,0,UNSPECIFIED
publix ice cream cakes,0,UNSPECIFIED
san martin bakery,0,UNSPECIFIED
baked goods near me,0,UNSPECIFIED
san luis sourdough bread,0,UNSPECIFIED
betty crocker red velvet cake mix,0,UNSPECIFIED
asian bakery near me,0,UNSPECIFIED
best birthday cake shop near me,0,UNSPECIFIED
little debbie swiss rolls,0,UNSPECIFIED
cake decorating store,0,UNSPECIFIED
dessert bakery near me,0,UNSPECIFIED
killer dave's bread,0,UNSPECIFIED
dairy free bakery near me,0,UNSPECIFIED
stop and shop birthday cakes,0,UNSPECIFIED
heb bakery cakes,0,UNSPECIFIED
lafayette bakery,0,UNSPECIFIED
favorite day bakery,0,UNSPECIFIED
martin's bread,0,UNSPECIFIED
bimbos bakery,0,UNSPECIFIED
meijer bakery cake order,0,UNSPECIFIED
porto's bake at home,0,UNSPECIFIED
arabic bread,0,UNSPECIFIED
giant bakery cakes,0,UNSPECIFIED
online order cake near me,0,UNSPECIFIED
bakery around me,0,UNSPECIFIED
artisan bread near me,0,UNSPECIFIED
coop bakery,0,UNSPECIFIED
wedding bakery near me,0,UNSPECIFIED
cookie bakery,0,UNSPECIFIED
new cakes,0,UNSPECIFIED
cake bake shop,0,UNSPECIFIED
cupcake shops near me,0,UNSPECIFIED
publix bakery birthday cakes,0,UNSPECIFIED
la madeleine bakery,0,UNSPECIFIED
good cake shop near me,0,UNSPECIFIED
heb birthday cakes,0,UNSPECIFIED
angelina bakery,0,UNSPECIFIED
online cake shop near me,0,UNSPECIFIED
jewish bakery,0,UNSPECIFIED
carlo's bakery near me,0,UNSPECIFIED
vegan cake shop near me,0,UNSPECIFIED
french pastries near me,0,UNSPECIFIED
near by bakery,0,UNSPECIFIED
chia te,0,UNSPECIFIED
spiderman ice cream cake,0,UNSPECIFIED
confetti cake mix,0,UNSPECIFIED
walmart custom cupcakes,0,UNSPECIFIED
walmart bakery cupcakes,0,UNSPECIFIED
pie bakery near me,0,UNSPECIFIED
buy cupcakes near me,0,UNSPECIFIED
safeway bakery order online,0,UNSPECIFIED
best croissants near me,0,UNSPECIFIED
levain bakery near me,0,UNSPECIFIED
sweet treats bakery,0,UNSPECIFIED
turkish bakery near me,0,UNSPECIFIED
nearest bakery near me,0,UNSPECIFIED
encanto cupcakes,0,UNSPECIFIED
b&w bakery,0,UNSPECIFIED
blippi birthday cake,0,UNSPECIFIED
buy red velvet cake,0,UNSPECIFIED
third culture bakery,0,UNSPECIFIED
simple joys bakery,0,UNSPECIFIED
tartine bakery,0,UNSPECIFIED
cake decorating shop near me,0,UNSPECIFIED
betty crocker white cake mix,0,UNSPECIFIED
french patisserie,0,UNSPECIFIED
cupcake store,0,UNSPECIFIED
danish bread,0,UNSPECIFIED
honeysuckle bakery,0,UNSPECIFIED
paris bakery near me,0,UNSPECIFIED
birthday cake bakery,0,UNSPECIFIED
sara lee chocolate cake,0,UNSPECIFIED
napoleon cake near me,0,UNSPECIFIED
lebanese bakery,0,UNSPECIFIED
australian cake house,0,UNSPECIFIED
bread store near me,0,UNSPECIFIED
halal bakery near me,0,UNSPECIFIED
french roll bread,0,UNSPECIFIED
carlo's bakery cakes,0,UNSPECIFIED
gf bakery near me,0,UNSPECIFIED
bread factory near me,0,UNSPECIFIED
wedding cake shops near me,0,UNSPECIFIED
pepperidge farm coconut cake,0,UNSPECIFIED
near by bakery shop,0,UNSPECIFIED
central cake shop,0,UNSPECIFIED
greek bakery near me,0,UNSPECIFIED
butter cake near me,0,UNSPECIFIED
bunny bread,0,UNSPECIFIED
food lion bakery cakes,0,UNSPECIFIED
haitian bakery near me,0,UNSPECIFIED
cake shop online order,0,UNSPECIFIED
bakery near by,0,UNSPECIFIED
cheap cake shop near me,0,UNSPECIFIED
near cake shop near me,0,UNSPECIFIED
birthday cake store near me,0,UNSPECIFIED
duncan hines strawberry cake mix,0,UNSPECIFIED
sprouted power bread,0,UNSPECIFIED
jewish pastries,0,UNSPECIFIED
tops bakery,0,UNSPECIFIED
stop and shop ice cream cake,0,UNSPECIFIED
german bakery,0,UNSPECIFIED
bite bakery,0,UNSPECIFIED
sam's bakery order,0,UNSPECIFIED
indian bakery near me,0,UNSPECIFIED
roman meal bread,0,UNSPECIFIED
miramar bakery,0,UNSPECIFIED
japanese bakery near me,0,UNSPECIFIED
bakery birthday cakes,0,UNSPECIFIED
sunnyhills pineapple cake,0,UNSPECIFIED
stop n shop cakes,0,UNSPECIFIED
broma bakery,0,UNSPECIFIED
carrot cake for sale,0,UNSPECIFIED
little debbie easter cakes,0,UNSPECIFIED
milkbar birthday cake,0,UNSPECIFIED
brazilian bakery near me,0,UNSPECIFIED
bakery house,0,UNSPECIFIED
pastry order online,0,UNSPECIFIED
bakery near me custom cakes,0,UNSPECIFIED
porto's bakery near me,0,UNSPECIFIED
sunrise bakery,0,UNSPECIFIED
specialty bakery,0,UNSPECIFIED
bread company near me,0,UNSPECIFIED
birthday cakes near me bakery,0,UNSPECIFIED
small cakes cupcakery,0,UNSPECIFIED
cake shop near by me,0,UNSPECIFIED
walmart bakery custom cakes,0,UNSPECIFIED
jewel osco bakery,0,UNSPECIFIED
rouses bakery,0,UNSPECIFIED
cheesecake bakery near me,0,UNSPECIFIED
international bakery,0,UNSPECIFIED
baking company,0,UNSPECIFIED
winn dixie bakery,0,UNSPECIFIED
twix ice cream cake,0,UNSPECIFIED
italian bread near me,0,UNSPECIFIED
thick bread,0,UNSPECIFIED
little debbie unicorn cakes,0,UNSPECIFIED
local cake shops,0,UNSPECIFIED
light rye bread,0,UNSPECIFIED
pepperidge farm chocolate cake,0,UNSPECIFIED
buy fondant icing,0,UNSPECIFIED
celebration cakes to order,0,UNSPECIFIED
milton bakery,0,UNSPECIFIED
danish pastries,0,UNSPECIFIED
organic bread of heaven,0,UNSPECIFIED
lana cake,0,UNSPECIFIED
hy vee bakery,0,UNSPECIFIED
suzy q hostess,0,UNSPECIFIED
individually wrapped cakes,0,UNSPECIFIED
namaste cake mix,0,UNSPECIFIED
vegan cake bakery,0,UNSPECIFIED
moreno bakery,0,UNSPECIFIED
fresh bakery near me,0,UNSPECIFIED
buy chocolate cake,0,UNSPECIFIED
christine bakery,0,UNSPECIFIED
sweet cakes bakery,0,UNSPECIFIED
paul bakery near me,0,UNSPECIFIED
diabetic bakery near me,0,UNSPECIFIED
aldi bakery,0,UNSPECIFIED
betty crocker lemon cake mix,0,UNSPECIFIED
mexican bakery,0,UNSPECIFIED
winson bakery,0,UNSPECIFIED
price chopper bakery,0,UNSPECIFIED
24 hours cake shop near me,0,UNSPECIFIED
duncan hines red velvet cake mix,0,UNSPECIFIED
near bakery shop,0,UNSPECIFIED
cakes and pastries,0,UNSPECIFIED
nature's own butter bread,0,UNSPECIFIED
closest bakery near me,0,UNSPECIFIED
sweet wheat bakery,0,UNSPECIFIED
simple mills cupcake mix,0,UNSPECIFIED
strong arm bakery,0,UNSPECIFIED
cuban bakery,0,UNSPECIFIED
lidl bread,0,UNSPECIFIED
duncan hines white cake mix,0,UNSPECIFIED
brown bread price,0,UNSPECIFIED
harmons bakery,0,UNSPECIFIED
portos fruit tart,0,UNSPECIFIED
low carb bakery near me,0,UNSPECIFIED
italian pastries near me,0,UNSPECIFIED
mrs freshley's cupcakes,0,UNSPECIFIED
sonic birthday cake near me,0,UNSPECIFIED
just bake cake order online,0,UNSPECIFIED
baklava bakery,0,UNSPECIFIED
tres leches cake bakery near me,0,UNSPECIFIED
bakery online shop,0,UNSPECIFIED
long bread,0,UNSPECIFIED
birthday cakes for sale,0,UNSPECIFIED
fresh bakery,0,UNSPECIFIED
almond croissants,0,UNSPECIFIED
my bakery,0,UNSPECIFIED
the lebanese bakery,0,UNSPECIFIED
letao cake,0,UNSPECIFIED
carlos cake shop,0,UNSPECIFIED
healthy bakery near me,0,UNSPECIFIED
18th birthday cake decorations,0,UNSPECIFIED
grandma sycamore bread,0,UNSPECIFIED
bolillo bread,0,UNSPECIFIED
strawberry shortcake rolls,0,UNSPECIFIED
bimbo company,0,UNSPECIFIED
my cake shop,0,UNSPECIFIED
giant bakery custom cakes,0,UNSPECIFIED
a bakery near me,0,UNSPECIFIED
safeway birthday cake order,0,UNSPECIFIED
jewel bakery order,0,UNSPECIFIED
littledebbie com shop,0,UNSPECIFIED
40th birthday cake decorations,0,UNSPECIFIED
farmhouse bread,0,UNSPECIFIED
lilit bakery,0,UNSPECIFIED
ny bakery and desserts,0,UNSPECIFIED
little debbie heart cakes,0,UNSPECIFIED
osmania biscuits,0,UNSPECIFIED
m bakery,0,UNSPECIFIED
sourdough bakery near me,0,UNSPECIFIED
edible dinosaur cake decorations,0,UNSPECIFIED
amish bakery near me,0,UNSPECIFIED
healthy baked goods,0,UNSPECIFIED
portos covina,0,UNSPECIFIED
cake mate sprinkles,0,UNSPECIFIED
back in the day bakery,0,UNSPECIFIED
fiber one soft baked bars,0,UNSPECIFIED
the cake boss bakery,0,UNSPECIFIED
brady's bakery,0,UNSPECIFIED
closest bakery to me,0,UNSPECIFIED
cake company near me,0,UNSPECIFIED
custom cake shop,0,UNSPECIFIED
simple mills chocolate cake,0,UNSPECIFIED
pillsbury strawberry cake mix,0,UNSPECIFIED
cinnamon grand cakes,0,UNSPECIFIED
pineapple king bakery,0,UNSPECIFIED
spanish bakery near me,0,UNSPECIFIED
cake box design,0,UNSPECIFIED
country white bread,0,UNSPECIFIED
mexican town bakery,0,UNSPECIFIED
custom cake bakery,0,UNSPECIFIED
cedar bakery,0,UNSPECIFIED
pacific place cake shop,0,UNSPECIFIED
paw patrol ice cream cake,0,UNSPECIFIED
city bakery,0,UNSPECIFIED
duncan hines carrot cake,0,UNSPECIFIED
hawaiian sweet bread,0,UNSPECIFIED
good birthday cakes near me,0,UNSPECIFIED
birch bakery,0,UNSPECIFIED
french patisserie near me,0,UNSPECIFIED
bakers bench,0,UNSPECIFIED
red ribbon bakery,0,UNSPECIFIED
best sandwich bread,0,UNSPECIFIED
9 grain bread,0,UNSPECIFIED
japanese bakery,0,UNSPECIFIED
bakers cottage near me,0,UNSPECIFIED
custom bakery,0,UNSPECIFIED
cake shop around me,0,UNSPECIFIED
dominican cake near me,0,UNSPECIFIED
portos bread,0,UNSPECIFIED
piece of cake bakery,0,UNSPECIFIED
andersen bakery,0,UNSPECIFIED
bakery custom cakes,0,UNSPECIFIED
ambrosia bakery,0,UNSPECIFIED
wedding cake shop,0,UNSPECIFIED
polish bakery near me,0,UNSPECIFIED
dominican bakery near me,0,UNSPECIFIED
eggless bakery near me,0,UNSPECIFIED
michaeli bakery,0,UNSPECIFIED
unicorn birthday cake near me,0,UNSPECIFIED
chantilly bakery,0,UNSPECIFIED
eggless cake bakery near me,0,UNSPECIFIED
cup cake shop,0,UNSPECIFIED
fresh cake shop near me,0,UNSPECIFIED
local cake bakeries,0,UNSPECIFIED
grocery store with bakery near me,0,UNSPECIFIED
artisan bakery near me,0,UNSPECIFIED
carrot cake bakery,0,UNSPECIFIED
vons bakery order online,0,UNSPECIFIED
danish bakery near me,0,UNSPECIFIED
la bakery,0,UNSPECIFIED
meijer custom cakes,0,UNSPECIFIED
best cake makers near me,0,UNSPECIFIED
european bakery near me,0,UNSPECIFIED
ice cream cake safeway,0,UNSPECIFIED
chinese bakery,0,UNSPECIFIED
oregon dairy bakery,0,UNSPECIFIED
hostess cinnamon cakes,0,UNSPECIFIED
cake pops bakery near me,0,UNSPECIFIED
stop and shop custom cakes,0,UNSPECIFIED
birthday cake supermarket,0,UNSPECIFIED
good bread,0,UNSPECIFIED
the best bakery near me,0,UNSPECIFIED
pepperidge farm frozen cakes,0,UNSPECIFIED
sourdough sandwich bread,0,UNSPECIFIED
target bakery cakes,0,UNSPECIFIED
vegan cake bakery near me,0,UNSPECIFIED
leviathan bakery,0,UNSPECIFIED
designer cake shop near me,0,UNSPECIFIED
stop and shop bakery custom cakes,0,UNSPECIFIED
natural bakery,0,UNSPECIFIED
martinez bakery,0,UNSPECIFIED
brusters ice cream cake,0,UNSPECIFIED
sara lee pound cake frozen,0,UNSPECIFIED
korean bakery,0,UNSPECIFIED
spiderman birthday cake near me,0,UNSPECIFIED
little debbie com shop,0,UNSPECIFIED
batter up bakery,0,UNSPECIFIED
birthday cake store,0,UNSPECIFIED
black owned bakery near me,0,UNSPECIFIED
best pastry shop near me,0,UNSPECIFIED
specialty cake bakery near me,0,UNSPECIFIED
pastry store near me,0,UNSPECIFIED
susie cakes near me,0,UNSPECIFIED
birthday cake places near me,0,UNSPECIFIED
bakeri,0,UNSPECIFIED
super bakery,0,UNSPECIFIED
bread buns,0,UNSPECIFIED
bakeries in my area,0,UNSPECIFIED
wheat free bakery,0,UNSPECIFIED
duncan hines vanilla cake mix,0,UNSPECIFIED
vida bakery,0,UNSPECIFIED
homestyle bakery,0,UNSPECIFIED
cake tools shop near me,0,UNSPECIFIED
polish pastries,0,UNSPECIFIED
online bakery near me,0,UNSPECIFIED
angela's bakery,0,UNSPECIFIED
brown's bakery,0,UNSPECIFIED
ba le bakery,0,UNSPECIFIED
betty crocker butter pecan cake mix,0,UNSPECIFIED
red velvet cake bakery,0,UNSPECIFIED
greek bakery,0,UNSPECIFIED
nearest bakery to my location,0,UNSPECIFIED
fondant buy,0,UNSPECIFIED
cake shop near by,0,UNSPECIFIED
gourmet bakery near me,0,UNSPECIFIED
jennivee's bakery,0,UNSPECIFIED
french baker,0,UNSPECIFIED
the bake shop,0,UNSPECIFIED
near by cake bakery,0,UNSPECIFIED
turkish bakery,0,UNSPECIFIED
coco bakery,0,UNSPECIFIED
arabic bakery near me,0,UNSPECIFIED
king arthur sourdough bread,0,UNSPECIFIED
small bread,0,UNSPECIFIED
cash wise bakery,0,UNSPECIFIED
german chocolate cake bakery near me,0,UNSPECIFIED
coffee and cake near me,0,UNSPECIFIED
best cake places near me,0,UNSPECIFIED
madeleine bakery,0,UNSPECIFIED
betty crocker german chocolate cake,0,UNSPECIFIED
goldies donuts,0,UNSPECIFIED
pastry and bakery,0,UNSPECIFIED
nearest cake shop near me,0,UNSPECIFIED
duncan hines french vanilla cake mix,0,UNSPECIFIED
best grocery store cake,0,UNSPECIFIED
pinecrest bakery near me,0,UNSPECIFIED
hong kong bakery,0,UNSPECIFIED
near me cake bakery,0,UNSPECIFIED
betty crocker french vanilla cake mix,0,UNSPECIFIED
closest bakery to my location,0,UNSPECIFIED
city cakes,0,UNSPECIFIED
bakery treats,0,UNSPECIFIED
las americas bakery,0,UNSPECIFIED
icing on the cake,0,UNSPECIFIED
mexican pastries,0,UNSPECIFIED
flour shop cake,0,UNSPECIFIED
cinnaholic shark tank,0,UNSPECIFIED
sweet tooth bakery,0,UNSPECIFIED
best birthday cake bakery near me,0,UNSPECIFIED
cupcakes and bagels,0,UNSPECIFIED
red velvet cake bakery near me,0,UNSPECIFIED
red velvet bakery emulsion,0,UNSPECIFIED
the old bakery,0,UNSPECIFIED
birthday cake near me shop,0,UNSPECIFIED
baker's german chocolate,0,UNSPECIFIED
near me bakery shop,0,UNSPECIFIED
ingles bakery cakes,0,UNSPECIFIED
devil cremes,0,UNSPECIFIED
glory bakery,0,UNSPECIFIED
baking sourdough bread,0,UNSPECIFIED
bread store,0,UNSPECIFIED
best cake bakery,0,UNSPECIFIED
macarons near me bakery,0,UNSPECIFIED
bavarian bakery,0,UNSPECIFIED
strawberry shortcake bakery,0,UNSPECIFIED
cake decorating stores near me,0,UNSPECIFIED
binge bakery,0,UNSPECIFIED
martin bakery,0,UNSPECIFIED
best bakery for cakes near me,0,UNSPECIFIED
walmart bakery near me,0,UNSPECIFIED
vanilla bakery,0,UNSPECIFIED
italian white bread,0,UNSPECIFIED
duncan hines pineapple cake mix,0,UNSPECIFIED
85c bakery,0,UNSPECIFIED
borinquen bakery,0,UNSPECIFIED
guanajuato bakery,0,UNSPECIFIED
best vegan bakery near me,0,UNSPECIFIED
bread shop,0,UNSPECIFIED
la imperial bakery,0,UNSPECIFIED
asian bakery,0,UNSPECIFIED
rouge bakery,0,UNSPECIFIED
cake near me bakery,0,UNSPECIFIED
grand bakers,0,UNSPECIFIED
bakery tools shop near me,0,UNSPECIFIED
little debbie valentine,0,UNSPECIFIED
mexican bread,0,UNSPECIFIED
safeway bakery custom cakes,0,UNSPECIFIED
buddy's cake shop,0,UNSPECIFIED
carrot cake bakery near me,0,UNSPECIFIED
middle eastern bakery near me,0,UNSPECIFIED
pastry bakery near me,0,UNSPECIFIED
tropical bakery,0,UNSPECIFIED
little debbie be my valentine cakes,0,UNSPECIFIED
24 7 cake shop near me,0,UNSPECIFIED
wilkerson moravian bakery,0,UNSPECIFIED
fruit cake bakery near me,0,UNSPECIFIED
vintage cakes near me,0,UNSPECIFIED
cheap bakery near me,0,UNSPECIFIED
amish bakery,0,UNSPECIFIED
keik bake shop,0,UNSPECIFIED
crumbles bakery,0,UNSPECIFIED
carlo's cake boss,0,UNSPECIFIED
target bakery custom cakes,0,UNSPECIFIED
24 hours cake shop,0,UNSPECIFIED
la farm,0,UNSPECIFIED
30th birthday cakes for him,0,UNSPECIFIED
jumbo bread,0,UNSPECIFIED
halloween bakery,0,UNSPECIFIED
the italian bakery,0,UNSPECIFIED
bao bakery,0,UNSPECIFIED
vienna bread,0,UNSPECIFIED
happy baker,0,UNSPECIFIED
rustic sourdough bread,0,UNSPECIFIED
lady m bakery,0,UNSPECIFIED
donut bakery near me,0,UNSPECIFIED
red velvet cake shop near me,0,UNSPECIFIED
everton birthday cake,0,UNSPECIFIED
superior bakery,0,UNSPECIFIED
chocolate little debbie cakes,0,UNSPECIFIED
petit fours bakery near me,0,UNSPECIFIED
nearest cake bakery,0,UNSPECIFIED
cakery bakery,0,UNSPECIFIED
best grocery store birthday cakes near me,0,UNSPECIFIED
good humor strawberry shortcake cake,0,UNSPECIFIED
fill bakeshop,0,UNSPECIFIED
amore bakery,0,UNSPECIFIED
russian bakery near me,0,UNSPECIFIED
any cake shop near me,0,UNSPECIFIED
italian sweet bread,0,UNSPECIFIED
pure veg cake shop near me,0,UNSPECIFIED
bakery near us,0,UNSPECIFIED
gambino's king cake rum cream,0,UNSPECIFIED
just bake near me order online,0,UNSPECIFIED
cakewalk bakery,0,UNSPECIFIED
charlie's bakery,0,UNSPECIFIED
ingles bakery,0,UNSPECIFIED
belles bakery,0,UNSPECIFIED
turtle ice cream cake,0,UNSPECIFIED
pastry places near me,0,UNSPECIFIED
bakery 8,0,UNSPECIFIED
24 hour bakery near me,0,UNSPECIFIED
hagadas ice cream cake,0,UNSPECIFIED
jamaican bread,0,UNSPECIFIED
sweet bakery near me,0,UNSPECIFIED
patty cakes bakery,0,UNSPECIFIED
american bakery,0,UNSPECIFIED
danas cake shop,0,UNSPECIFIED
butter bakery,0,UNSPECIFIED
knead bakehouse,0,UNSPECIFIED
duncan hines german chocolate cake mix,0,UNSPECIFIED
zeppola bakery,0,UNSPECIFIED
chocolate fudge cake mix,0,UNSPECIFIED
tiramisu near me bakery,0,UNSPECIFIED
best italian bakery near me,0,UNSPECIFIED
cake shopping,0,UNSPECIFIED
bakery biscuit,0,UNSPECIFIED
cake boss shop,0,UNSPECIFIED
sourdough loaf bread,0,UNSPECIFIED
best bakery shop near me,0,UNSPECIFIED
entenmann's lemon cake,0,UNSPECIFIED
safeway bakery near me,0,UNSPECIFIED
family bakery,0,UNSPECIFIED
jcube cake shop,0,UNSPECIFIED
unicorn bake shop,0,UNSPECIFIED
mexican bread near me,0,UNSPECIFIED
the french bakery,0,UNSPECIFIED
gluten bakery near me,0,UNSPECIFIED
roblox birthday cakes,0,UNSPECIFIED
la boulangerie bakery,0,UNSPECIFIED
bakery king,0,UNSPECIFIED
local cake bakery near me,0,UNSPECIFIED
low price cake shop near me,0,UNSPECIFIED
nearest cake shop to my location,0,UNSPECIFIED
cake boss store,0,UNSPECIFIED
holiday cake shop,0,UNSPECIFIED
fruit cake bakery,0,UNSPECIFIED
zingers cakes,0,UNSPECIFIED
la bahia bakery,0,UNSPECIFIED
sybil's bakery,0,UNSPECIFIED
sweet things bakery,0,UNSPECIFIED
raspberry ripple cake,0,UNSPECIFIED
black forest bakery,0,UNSPECIFIED
artuso bakery,0,UNSPECIFIED
freedom cakes,0,UNSPECIFIED
best bakery near me for cakes,0,UNSPECIFIED
grocery store bakery,0,UNSPECIFIED
albertsons bakery custom cakes,0,UNSPECIFIED
sourdough bakery,0,UNSPECIFIED
king's bakery,0,UNSPECIFIED
richmond bakery,0,UNSPECIFIED
sonic sheet cake,0,UNSPECIFIED
best pastries,0,UNSPECIFIED
palermo's bakery,0,UNSPECIFIED
betty crocker triple chocolate fudge cake mix,0,UNSPECIFIED
red velvet cake shop,0,UNSPECIFIED
specialty bakeries near me,0,UNSPECIFIED
starbucks pastries,0,UNSPECIFIED
le bakery,0,UNSPECIFIED
indian cake shop near me,0,UNSPECIFIED
spanish bread,0,UNSPECIFIED
mexican sweet bread,0,UNSPECIFIED
japanese cake shop,0,UNSPECIFIED
cake bakery that accept ebt near me,0,UNSPECIFIED
nana's bakery,0,UNSPECIFIED
jamaican bakery near me,0,UNSPECIFIED
encanto birthday cakes,0,UNSPECIFIED
panaderia mexicana near me,0,UNSPECIFIED
chocolate cake shop near me,0,UNSPECIFIED
monarch bakery,0,UNSPECIFIED
the chimney cake shop,0,UNSPECIFIED
buns bakery,0,UNSPECIFIED
four leaves bakery,0,UNSPECIFIED
on the rise bakery,0,UNSPECIFIED
grocery store cakes,0,UNSPECIFIED
panaderia bakery,0,UNSPECIFIED
bread basket near me,0,UNSPECIFIED
gourmandise bakery,0,UNSPECIFIED
chocolate cake bakery,0,UNSPECIFIED
unique bakery,0,UNSPECIFIED
carlos bakeshop,0,UNSPECIFIED
bread basket bakery,0,UNSPECIFIED
best french bakery near me,0,UNSPECIFIED
the best cake shop near me,0,UNSPECIFIED
near by me cake shop,0,UNSPECIFIED
num num bakery,0,UNSPECIFIED
cottage bread,0,UNSPECIFIED
imperial bakery,0,UNSPECIFIED
unicorn bakery,0,UNSPECIFIED
bakery that accept ebt near me,0,UNSPECIFIED
best cake store near me,0,UNSPECIFIED
chinatown bakery,0,UNSPECIFIED
pepperidge farm lemon cake,0,UNSPECIFIED
dong phuong king cake,0,UNSPECIFIED
toast kitchen and bakery,0,UNSPECIFIED
greenwood bakery,0,UNSPECIFIED
la manna cakes,0,UNSPECIFIED
nearby bakery near me,0,UNSPECIFIED
jewel osco birthday cakes,0,UNSPECIFIED
daniel bakery,0,UNSPECIFIED
cold stone creamery ice cream cakes,0,UNSPECIFIED
babka bakery,0,UNSPECIFIED
cake tin bakery,0,UNSPECIFIED
graduation cupcake cake,0,UNSPECIFIED
hotdog bread,0,UNSPECIFIED
good cake places near me,0,UNSPECIFIED
debbie snack cakes,0,UNSPECIFIED
cake pastry shop near me,0,UNSPECIFIED
nearby cake shop near me,0,UNSPECIFIED
cake bakery shop near me,0,UNSPECIFIED
fairfax bakery,0,UNSPECIFIED
stater bros bakery,0,UNSPECIFIED
burgers and bakery,0,UNSPECIFIED
bakery for cakes,0,UNSPECIFIED
german pastries,0,UNSPECIFIED
red velvet bakery,0,UNSPECIFIED
beaumont bakery,0,UNSPECIFIED
nizam pastry,0,UNSPECIFIED
green bakery,0,UNSPECIFIED
swedish bakery,0,UNSPECIFIED
great bakery near me,0,UNSPECIFIED
gingerbread bakery,0,UNSPECIFIED
cake pop bakery,0,UNSPECIFIED
crown and thistle bakery,0,UNSPECIFIED
grain bakery,0,UNSPECIFIED
betty crocker chocolate fudge cake mix,0,UNSPECIFIED
isgro pastries,0,UNSPECIFIED
clover bakery,0,UNSPECIFIED
gilben's bakery,0,UNSPECIFIED
costco bakery birthday cakes,0,UNSPECIFIED
papa's bakery,0,UNSPECIFIED
bakery cake shop near me,0,UNSPECIFIED
oreo snack cakes,0,UNSPECIFIED
wal mart bakery,0,UNSPECIFIED
hummingbird bakery near me,0,UNSPECIFIED
hostess chocolate cakes,0,UNSPECIFIED
a bakery,0,UNSPECIFIED
iranian bakery near me,0,UNSPECIFIED
artisan italian bread,0,UNSPECIFIED
pepperidge farm layer cake,0,UNSPECIFIED
sourdough french bread,0,UNSPECIFIED
cake cake shop near me,0,UNSPECIFIED
cakes for occasions,0,UNSPECIFIED
mindy's bakery,0,UNSPECIFIED
super 1 bakery,0,UNSPECIFIED
bakewell bakery,0,UNSPECIFIED
super one bakery,0,UNSPECIFIED
tiramisu bakery near me,0,UNSPECIFIED
sonic cupcake cake,0,UNSPECIFIED
strawberry little debbie,0,UNSPECIFIED
bakery places near me,0,UNSPECIFIED
artopolis,0,UNSPECIFIED
el salvador bakery,0,UNSPECIFIED
the cake shop near me,0,UNSPECIFIED
celebration cake shop,0,UNSPECIFIED
mexican panaderia near me,0,UNSPECIFIED
parisi bakery,0,UNSPECIFIED
nice bakery near me,0,UNSPECIFIED
chocolate debbie cakes,0,UNSPECIFIED
denise's bakery,0,UNSPECIFIED
princesa bakery,0,UNSPECIFIED
patisserie cake shop,0,UNSPECIFIED
sheila's bakery,0,UNSPECIFIED
salazar bakery,0,UNSPECIFIED
unicorn cakes little debbie,0,UNSPECIFIED
entenmann's chocolate fudge cake,0,UNSPECIFIED
celebration bakery,0,UNSPECIFIED
marianos bakery,0,UNSPECIFIED
bakery food,0,UNSPECIFIED
any bakery near me,0,UNSPECIFIED
birthday cake places,0,UNSPECIFIED
persian bakery,0,UNSPECIFIED
french vanilla cake,0,UNSPECIFIED
famous bakery,0,UNSPECIFIED
entenmann's devil's food cake,0,UNSPECIFIED
helens bakery,0,UNSPECIFIED
chocolate cake shop,0,UNSPECIFIED
chimney cake bakery,0,UNSPECIFIED
banksia bakehouse,0,UNSPECIFIED
bakery prices,0,UNSPECIFIED
portuguese pastry,0,UNSPECIFIED
the pastry shop,0,UNSPECIFIED
fancy bakery near me,0,UNSPECIFIED
be sweet bakery,0,UNSPECIFIED
ca bakehouse,0,UNSPECIFIED
banksia bakery,0,UNSPECIFIED
bakery restaurant,0,UNSPECIFIED
sing cheong yuan bakery,0,UNSPECIFIED
french bread bakery near me,0,UNSPECIFIED
little debbie rolls,0,UNSPECIFIED
luliet bakery,0,UNSPECIFIED
good cake bakery near me,0,UNSPECIFIED
bakery next to me,0,UNSPECIFIED
smoor cake shop,0,UNSPECIFIED
tiramisu bakery,0,UNSPECIFIED
hy vee bakery cakes,0,UNSPECIFIED
bread and more,0,UNSPECIFIED
sonic the hedgehog birthday cakes,0,UNSPECIFIED
la mexicana bakery,0,UNSPECIFIED
oreo cakesters soft snack cakes,0,UNSPECIFIED
caracas bakery,0,UNSPECIFIED
magpie bakery,0,UNSPECIFIED
classic bakery near me,0,UNSPECIFIED
unicorn little debbie,0,UNSPECIFIED
brioche bakery,0,UNSPECIFIED
fondant cake shop near me,0,UNSPECIFIED
shopping cake,0,UNSPECIFIED
japong bakery,0,UNSPECIFIED
ann's bakery,0,UNSPECIFIED
mothers pride bread,0,UNSPECIFIED
orange cupcakes hostess,0,UNSPECIFIED
big y cakes,0,UNSPECIFIED
la industria bakery,0,UNSPECIFIED
korean cake shop,0,UNSPECIFIED
near me bakery cake,0,UNSPECIFIED
junior's restaurant and bakery,0,UNSPECIFIED
little debbie frosted fudge cakes,0,UNSPECIFIED
ks bakers near me,0,UNSPECIFIED
cake and pastry shop near me,0,UNSPECIFIED
cake bakery that accept ebt,0,UNSPECIFIED
cake and bakery near me,0,UNSPECIFIED
fudge marble cake mix,0,UNSPECIFIED
the good baker,0,UNSPECIFIED
little debbie fudge cakes,0,UNSPECIFIED
delicious cake shop,0,UNSPECIFIED
triple chocolate fudge cake,0,UNSPECIFIED
bakery shop design,0,UNSPECIFIED
the bread company,0,UNSPECIFIED
holiday bakery,0,UNSPECIFIED
1 800 bakery chocolate truffle birthday cake,0,UNSPECIFIED
bread and pastry,0,UNSPECIFIED
e's cake shop,0,UNSPECIFIED
little debbie strawberry shortcake rolls,0,UNSPECIFIED
rose bakery,0,UNSPECIFIED
carlo's bakery cake boss,0,UNSPECIFIED
bakery birthday party,0,UNSPECIFIED
little debbie spice cakes,0,UNSPECIFIED
top bakeries near me,0,UNSPECIFIED
ig cake shop,0,UNSPECIFIED
armenian bakery near me,0,UNSPECIFIED
baker & baker,0,UNSPECIFIED
hermitage bakery,0,UNSPECIFIED
best grocery store bakery,0,UNSPECIFIED
italian pastry shop near me,0,UNSPECIFIED
near cake shop me,0,UNSPECIFIED
fruit cake shop near me,0,UNSPECIFIED
spiderman cupcake cake,0,UNSPECIFIED
target bakery cake order,0,UNSPECIFIED
authentic french bakery near me,0,UNSPECIFIED
pastry bakery,0,UNSPECIFIED
cookie run kingdom holiday cake shop,0,UNSPECIFIED
new bakery near me,0,UNSPECIFIED
just cakes bakeshop,0,UNSPECIFIED
italian pastry shop,0,UNSPECIFIED
winco bakery,0,UNSPECIFIED
batman bakery,0,UNSPECIFIED
knead bakery,0,UNSPECIFIED
crafty cake shop,0,UNSPECIFIED
la creacion bakery,0,UNSPECIFIED
village baking company,0,UNSPECIFIED
queens bakery,0,UNSPECIFIED
birthday cake roblox,0,UNSPECIFIED
bread brand,0,UNSPECIFIED
muffin bakery near me,0,UNSPECIFIED
easter bakery,0,UNSPECIFIED
duncan hines dark chocolate fudge cake mix,0,UNSPECIFIED
cake boutique near me,0,UNSPECIFIED
duncan hines blue velvet cake mix,0,UNSPECIFIED
the bread basket,0,UNSPECIFIED
martins bakery cakes,0,UNSPECIFIED
mr baker cake price,0,UNSPECIFIED
koffee kup,0,UNSPECIFIED
giant bakery birthday cakes,0,UNSPECIFIED
nearest bakery shop near me,0,UNSPECIFIED
plum cake shop near me,0,UNSPECIFIED
the one cake shop,0,UNSPECIFIED
entenmann's loaf cake,0,UNSPECIFIED
bakery bites,0,UNSPECIFIED
hungarian bakery near me,0,UNSPECIFIED
target bakery birthday cakes,0,UNSPECIFIED
homemade bakery,0,UNSPECIFIED
edith bakery,0,UNSPECIFIED
small cakes bakery,0,UNSPECIFIED
sugar daddy's bakery,0,UNSPECIFIED
red velvet cake company,0,UNSPECIFIED
cake making shops near me,0,UNSPECIFIED
hostess suzy q cake,0,UNSPECIFIED
sara lee chocolate gateau,0,UNSPECIFIED
cake shop in near me,0,UNSPECIFIED
carvel store near me,0,UNSPECIFIED
sugar and spice bakery,0,UNSPECIFIED
sara lee all butter pound cake,0,UNSPECIFIED
entenmann's chocolate chip cake,0,UNSPECIFIED
the cupcake shoppe,0,UNSPECIFIED
bake shop bakery,0,UNSPECIFIED
gender reveal bakery,0,UNSPECIFIED
thomas cake shop,0,UNSPECIFIED
french breads,0,UNSPECIFIED
noor bakery,0,UNSPECIFIED
caramels bakery,0,UNSPECIFIED
decorating shop,0,UNSPECIFIED
patisserie bakery,0,UNSPECIFIED
lala bakeshop,0,UNSPECIFIED
little debbie zebra cake,0,UNSPECIFIED
nahoums,0,UNSPECIFIED
glaze bakery,0,UNSPECIFIED
la fe bakery,0,UNSPECIFIED
pineapple supreme cake,0,UNSPECIFIED
docs bakery,0,UNSPECIFIED
batard bread,0,UNSPECIFIED
petunias bakery,0,UNSPECIFIED
patty's bakery,0,UNSPECIFIED
highland park bakery,0,UNSPECIFIED
lemon supreme cake,0,UNSPECIFIED
oh la la bakery,0,UNSPECIFIED
jon donaire,0,UNSPECIFIED
debbie cupcakes,0,UNSPECIFIED
confections bakery,0,UNSPECIFIED
hungarian pastry shop,0,UNSPECIFIED
manna bakery,0,UNSPECIFIED
little debbie strawberry rolls,0,UNSPECIFIED
layer bakery,0,UNSPECIFIED
mumu bakery,0,UNSPECIFIED
asian bread,0,UNSPECIFIED
alicia's bakery,0,UNSPECIFIED
saigon bakery,0,UNSPECIFIED
bakery french near me,0,UNSPECIFIED
baker cottage near me,0,UNSPECIFIED
black forest cake shop near me,0,UNSPECIFIED
carrot cake slice,0,UNSPECIFIED
duncan hines classic cake mix,0,UNSPECIFIED
bakeries that accept ebt,0,UNSPECIFIED
red ribbon bakery near me,0,UNSPECIFIED
store cupcakes,0,UNSPECIFIED
happy bakery,0,UNSPECIFIED
so good bakery,0,UNSPECIFIED
eggless bakery,0,UNSPECIFIED
holsum bread,0,UNSPECIFIED
las palmas bakery,0,UNSPECIFIED
superstore bakery cakes,0,UNSPECIFIED
carlo's bakery times square,0,UNSPECIFIED
la bakeshop,0,UNSPECIFIED
times square cake shop,0,UNSPECIFIED
1 800 bakery happy birthday cake black &amp amp white,0,UNSPECIFIED
16th birthday spongebob cake,0,UNSPECIFIED
18 carrot bakery,0,UNSPECIFIED
21 bakery,0,UNSPECIFIED
24 7 bakery near me,0,UNSPECIFIED
24 hours bakery,0,UNSPECIFIED
350 bakehouse,0,UNSPECIFIED
350 bakery,0,UNSPECIFIED
4 sisters bakery,0,UNSPECIFIED
5 star bakery near me,0,UNSPECIFIED
7 heaven bakery,0,UNSPECIFIED
7 heaven cake shop near me,0,UNSPECIFIED
7 hills bakery,0,UNSPECIFIED
8 sisters bakery,0,UNSPECIFIED
85 bakery near me,0,UNSPECIFIED
a little cake bakery,0,UNSPECIFIED
a one cake shop,0,UNSPECIFIED
aarif cake shop,0,UNSPECIFIED
ace of cakes bakery,0,UNSPECIFIED
adam bakery,0,UNSPECIFIED
aggie's bakery,0,UNSPECIFIED
aggie's bakery & cake shop,0,UNSPECIFIED
aidas bakery,0,UNSPECIFIED
albany bakery,0,UNSPECIFIED
albany bread,0,UNSPECIFIED
aldi birthday cakes in store,0,UNSPECIFIED
all butter pound cake,0,UNSPECIFIED
allegretti's bakery,0,UNSPECIFIED
allez bakery,0,UNSPECIFIED
almond bakery,0,UNSPECIFIED
aloha bakery,0,UNSPECIFIED
alwatan bakery,0,UNSPECIFIED
amelie's bakery,0,UNSPECIFIED
amelie's french bakery,0,UNSPECIFIED
american bakery near me,0,UNSPECIFIED
amie bakery,0,UNSPECIFIED
amma's bakery near me,0,UNSPECIFIED
amy's cake pop shop,0,UNSPECIFIED
angelo's bakery,0,UNSPECIFIED
angelos bakery,0,UNSPECIFIED
angie's bakery,0,UNSPECIFIED
anis bakery,0,UNSPECIFIED
anjou bakery,0,UNSPECIFIED
annadale bakery,0,UNSPECIFIED
anns bakery near me,0,UNSPECIFIED
antigua bakery,0,UNSPECIFIED
antigua bread,0,UNSPECIFIED
antonio's bakery,0,UNSPECIFIED
apple alley bakery,0,UNSPECIFIED
apple cake bakery,0,UNSPECIFIED
aracelys bakery,0,UNSPECIFIED
archibalds village bakery,0,UNSPECIFIED
argentinian bakery near me,0,UNSPECIFIED
arsicault,0,UNSPECIFIED
arsicault bakery,0,UNSPECIFIED
artsy bakery,0,UNSPECIFIED
as kneaded bakery,0,UNSPECIFIED
asal bakery,0,UNSPECIFIED
asian cake bakery,0,UNSPECIFIED
asian cake shop,0,UNSPECIFIED
astoria bakery,0,UNSPECIFIED
authentic italian bakery near me,0,UNSPECIFIED
b sweet bakery,0,UNSPECIFIED
back door bakery,0,UNSPECIFIED
badolina bakery,0,UNSPECIFIED
baes bakery,0,UNSPECIFIED
bagels and buns,0,UNSPECIFIED
bagels bimbo,0,UNSPECIFIED
bake my day bakery,0,UNSPECIFIED
bakers chocolate german chocolate cake,0,UNSPECIFIED
bakers duck,0,UNSPECIFIED
bakers german chocolate cake,0,UNSPECIFIED
bakers sweets,0,UNSPECIFIED
bakery and cake shop near me,0,UNSPECIFIED
bakery bar,0,UNSPECIFIED
bakery cake shop,0,UNSPECIFIED
bakery cuisine,0,UNSPECIFIED
bakery desserts near me,0,UNSPECIFIED
bakery outlets near me,0,UNSPECIFIED
baking grace,0,UNSPECIFIED
barbie unicorn cake,0,UNSPECIFIED
beatrix bakery,0,UNSPECIFIED
bellecour bakery,0,UNSPECIFIED
bells bakery,0,UNSPECIFIED
berry bakery,0,UNSPECIFIED
best bakery around me,0,UNSPECIFIED
best chinese bakery near me,0,UNSPECIFIED
betel bakery,0,UNSPECIFIED
bethel bakery cakes,0,UNSPECIFIED
betty crocker lemon cake,0,UNSPECIFIED
betty crocker vanilla cake,0,UNSPECIFIED
big y bakery,0,UNSPECIFIED
bizy bee bakery,0,UNSPECIFIED
black and brown bakery,0,UNSPECIFIED
black and gold 40th birthday cake,0,UNSPECIFIED
black bakery near me,0,UNSPECIFIED
black forest cake shop,0,UNSPECIFIED
black forest donut,0,UNSPECIFIED
black market bakers,0,UNSPECIFIED
blackhole bakery,0,UNSPECIFIED
bless your heart bakery,0,UNSPECIFIED
bliss cake shop,0,UNSPECIFIED
blue angel bakery,0,UNSPECIFIED
blue egg bakery,0,UNSPECIFIED
blue loon bakery,0,UNSPECIFIED
blue poppy bakery,0,UNSPECIFIED
blue rooster bakery,0,UNSPECIFIED
blue rose bakery,0,UNSPECIFIED
bluey cupcake cake,0,UNSPECIFIED
bodhi bakery,0,UNSPECIFIED
bohemian bakery,0,UNSPECIFIED
bon bon bakery near me,0,UNSPECIFIED
bonbon bakery,0,UNSPECIFIED
bonton bakery,0,UNSPECIFIED
boonzaaijer,0,UNSPECIFIED
boulangerie bakery,0,UNSPECIFIED
boulted bread,0,UNSPECIFIED
boyer bakery,0,UNSPECIFIED
bread and butter bakery,0,UNSPECIFIED
bread and co,0,UNSPECIFIED
bread and salt bakery,0,UNSPECIFIED
bread boutique,0,UNSPECIFIED
bread social,0,UNSPECIFIED
bread top near me,0,UNSPECIFIED
breeze bakery,0,UNSPECIFIED
brew bakers,0,UNSPECIFIED
briar rose bakery,0,UNSPECIFIED
brighton bakery,0,UNSPECIFIED
bristol farms bakery,0,UNSPECIFIED
britain's best bakery,0,UNSPECIFIED
bro bakery,0,UNSPECIFIED
brownie cake shop near me,0,UNSPECIFIED
burney's bakery,0,UNSPECIFIED
burque bakehouse,0,UNSPECIFIED
butter and cream bakery,0,UNSPECIFIED
butter baker,0,UNSPECIFIED
butter crumb bakery,0,UNSPECIFIED
buttercream bakery,0,UNSPECIFIED
buttermilk bakery,0,UNSPECIFIED
butterscotch pastry,0,UNSPECIFIED
cake and bake shop,0,UNSPECIFIED
cake and bakery,0,UNSPECIFIED
cake bake broad ripple,0,UNSPECIFIED
cake bake disney,0,UNSPECIFIED
cake bake shop broad ripple,0,UNSPECIFIED
cake bake shop disney,0,UNSPECIFIED
cake bakery bro,0,UNSPECIFIED
cake baking tools shop near me,0,UNSPECIFIED
cake corner bakery,0,UNSPECIFIED
cake creations near me,0,UNSPECIFIED
cake shop bakery,0,UNSPECIFIED
cake shop cookie run kingdom,0,UNSPECIFIED
cake shop near me with price,0,UNSPECIFIED
cake thieves bakery,0,UNSPECIFIED
cake things shop near me,0,UNSPECIFIED
cake town bakery,0,UNSPECIFIED
cake vegan bakery,0,UNSPECIFIED
cakery shop,0,UNSPECIFIED
canale pastry,0,UNSPECIFIED
cannoli carlo's bakery,0,UNSPECIFIED
caramel cake shop,0,UNSPECIFIED
carlo's bake shop vending machine,0,UNSPECIFIED
carlo's bakery buddy,0,UNSPECIFIED
carlo's bakery vending machine,0,UNSPECIFIED
carlos bake,0,UNSPECIFIED
carlos cake vending machine,0,UNSPECIFIED
carmel bakery,0,UNSPECIFIED
carousel bakery,0,UNSPECIFIED
castle rock bakery,0,UNSPECIFIED
cecile bakery,0,UNSPECIFIED
cedar park bakery,0,UNSPECIFIED
ceelam bakery,0,UNSPECIFIED
celebration cake shop near me,0,UNSPECIFIED
chelas bakery,0,UNSPECIFIED
chelsea bakery,0,UNSPECIFIED
cherry top bakery,0,UNSPECIFIED
chicago pastry,0,UNSPECIFIED
chimney cake shop,0,UNSPECIFIED
chinese bakery cake,0,UNSPECIFIED
chinese cake shop,0,UNSPECIFIED
chinese pastry,0,UNSPECIFIED
choccywoccydoodah cakes,0,UNSPECIFIED
chocolate bakery near me,0,UNSPECIFIED
chocolate fudge layer cake,0,UNSPECIFIED
chrusciki,0,UNSPECIFIED
cindy's cake shop,0,UNSPECIFIED
cinnamon cream bakery,0,UNSPECIFIED
city bread,0,UNSPECIFIED
claire ptak,0,UNSPECIFIED
claire's bakery,0,UNSPECIFIED
cle elum bakery,0,UNSPECIFIED
coco pastel bakery,0,UNSPECIFIED
cocomelon cream cake,0,UNSPECIFIED
colette bakery,0,UNSPECIFIED
colossus bakery,0,UNSPECIFIED
columbus bakery,0,UNSPECIFIED
cookie run cake shop,0,UNSPECIFIED
cookie run holiday cake shop,0,UNSPECIFIED
cookie run kingdom cake shop,0,UNSPECIFIED
corner cake shop,0,UNSPECIFIED
cosmic bakery,0,UNSPECIFIED
craft bakery,0,UNSPECIFIED
cream bakery,0,UNSPECIFIED
creams cake shop,0,UNSPECIFIED
creative cakes bakery,0,UNSPECIFIED
creme bakery,0,UNSPECIFIED
cristy's cake shop,0,UNSPECIFIED
crk cake shop,0,UNSPECIFIED
crk holiday cake shop,0,UNSPECIFIED
crown bakery near me,0,UNSPECIFIED
cuban pastries,0,UNSPECIFIED
cup cake spiderman,0,UNSPECIFIED
cute bakery near me,0,UNSPECIFIED
cutie pies bakery,0,UNSPECIFIED
daisy bakery,0,UNSPECIFIED
dana's cake shoppe,0,UNSPECIFIED
danish cake shop,0,UNSPECIFIED
dave's bakery,0,UNSPECIFIED
day old bread store,0,UNSPECIFIED
debbie swiss rolls,0,UNSPECIFIED
deboer bakery,0,UNSPECIFIED
delicias bakery,0,UNSPECIFIED
delicious bakery near me,0,UNSPECIFIED
delight bakery near me,0,UNSPECIFIED
delight cake shop,0,UNSPECIFIED
devon house bakery,0,UNSPECIFIED
diane's bakery,0,UNSPECIFIED
diletto bakery,0,UNSPECIFIED
discount bakery near me,0,UNSPECIFIED
doc's cake shop,0,UNSPECIFIED
docs cake shop,0,UNSPECIFIED
dolce cake shop,0,UNSPECIFIED
dom's bakery,0,UNSPECIFIED
don bakeshop,0,UNSPECIFIED
doo doo bakery,0,UNSPECIFIED
dot and pearls bakery,0,UNSPECIFIED
dottie audrey,0,UNSPECIFIED
downtown bakery,0,UNSPECIFIED
duncan hines key lime cake,0,UNSPECIFIED
duncan hines yellow cake mix with blueberries,0,UNSPECIFIED
dunford donuts,0,UNSPECIFIED
e bakery,0,UNSPECIFIED
easton bakery,0,UNSPECIFIED
ecclesia bakery,0,UNSPECIFIED
eddies bakery,0,UNSPECIFIED
el coqui bakery,0,UNSPECIFIED
el paso bakery,0,UNSPECIFIED
elephant bakery,0,UNSPECIFIED
elephantine bakery,0,UNSPECIFIED
elizabeth bakery,0,UNSPECIFIED
erick schat's bakery,0,UNSPECIFIED
esperanza bakery,0,UNSPECIFIED
eternal flavors bakery,0,UNSPECIFIED
everyday bakery,0,UNSPECIFIED
fancy bakery,0,UNSPECIFIED
fantasy cake shop,0,UNSPECIFIED
faria bakery,0,UNSPECIFIED
farmhouse bakery,0,UNSPECIFIED
farmstead bakery,0,UNSPECIFIED
fast frog bakery,0,UNSPECIFIED
fiesta bakery,0,UNSPECIFIED
flapjack cake,0,UNSPECIFIED
flor blanca bakery,0,UNSPECIFIED
floriole,0,UNSPECIFIED
flying apron,0,UNSPECIFIED
forest bakery,0,UNSPECIFIED
fort greene bakery,0,UNSPECIFIED
fortitude bakehouse,0,UNSPECIFIED
fragapane bakery,0,UNSPECIFIED
francesca's bakery,0,UNSPECIFIED
frank's bakery,0,UNSPECIFIED
french american bakery,0,UNSPECIFIED
french riviera bakery,0,UNSPECIFIED
frenchette bakery,0,UNSPECIFIED
friends bakery,0,UNSPECIFIED
frostings cakeshop,0,UNSPECIFIED
fudge nut cake,0,UNSPECIFIED
fudge round cake,0,UNSPECIFIED
gabi coffee and bakery,0,UNSPECIFIED
gateau bakery,0,UNSPECIFIED
gencarelli bakery,0,UNSPECIFIED
genova bakery,0,UNSPECIFIED
george's bakery,0,UNSPECIFIED
georges bakery,0,UNSPECIFIED
german cake shop,0,UNSPECIFIED
german layer cake,0,UNSPECIFIED
get caked bakery,0,UNSPECIFIED
gideons bakeshop,0,UNSPECIFIED
gloria's bakery,0,UNSPECIFIED
golden bread,0,UNSPECIFIED
golden cake bakery,0,UNSPECIFIED
golden gate bakery,0,UNSPECIFIED
golden grain bakery,0,UNSPECIFIED
golden spike bakery,0,UNSPECIFIED
good bakery,0,UNSPECIFIED
good cake bakery,0,UNSPECIFIED
good ground bakery,0,UNSPECIFIED
good pastry shops near me,0,UNSPECIFIED
graham slam bakery,0,UNSPECIFIED
greek cake shop,0,UNSPECIFIED
greek cake shop near me,0,UNSPECIFIED
grin city bakery,0,UNSPECIFIED
grinis bakery,0,UNSPECIFIED
ground baking,0,UNSPECIFIED
haes bakery,0,UNSPECIFIED
hampton bakery,0,UNSPECIFIED
hanalei bread company,0,UNSPECIFIED
handsome bakery,0,UNSPECIFIED
hanks bakery,0,UNSPECIFIED
hanna bakery,0,UNSPECIFIED
hannah's bakery,0,UNSPECIFIED
hansen's bakery,0,UNSPECIFIED
happy cake shop,0,UNSPECIFIED
happy cakes bakery,0,UNSPECIFIED
happy tiers bakery,0,UNSPECIFIED
harbour town bakery,0,UNSPECIFIED
harmons bakery cakes,0,UNSPECIFIED
harps bakery,0,UNSPECIFIED
harvey bakery,0,UNSPECIFIED
hawaiian bakery,0,UNSPECIFIED
haydel bakery,0,UNSPECIFIED
heights bakery,0,UNSPECIFIED
herman bakery,0,UNSPECIFIED
hinkley bakery,0,UNSPECIFIED
holiday bake shop cookie run kingdom,0,UNSPECIFIED
holiday cake shop cookie run,0,UNSPECIFIED
holiday cake shop cookie run kingdom,0,UNSPECIFIED
holsum bakery,0,UNSPECIFIED
holt's bakery,0,UNSPECIFIED
home made bakery,0,UNSPECIFIED
home made cake shop near me,0,UNSPECIFIED
honeycomb bakery,0,UNSPECIFIED
hopes bakery,0,UNSPECIFIED
horizon bakery,0,UNSPECIFIED
hostesscakes com,0,UNSPECIFIED
hostesscakes com shop,0,UNSPECIFIED
hummingbird bakery carrot cake,0,UNSPECIFIED
ice the cake,0,UNSPECIFIED
icing bakery,0,UNSPECIFIED
icing on the cake bakery,0,UNSPECIFIED
icing the cake,0,UNSPECIFIED
idle hands bakery,0,UNSPECIFIED
iga birthday cakes,0,UNSPECIFIED
in bloom bakery,0,UNSPECIFIED
in the mix bakery,0,UNSPECIFIED
indian cake bakery near me,0,UNSPECIFIED
isabela bakery,0,UNSPECIFIED
italian cake shop,0,UNSPECIFIED
italian cake shop near me,0,UNSPECIFIED
itty bitty bakery,0,UNSPECIFIED
izola bakery,0,UNSPECIFIED
jack's bakery,0,UNSPECIFIED
jackson bakery,0,UNSPECIFIED
janet's cakery,0,UNSPECIFIED
japanese cake shop near me,0,UNSPECIFIED
jen's bakery,0,UNSPECIFIED
jewel osco bakery cakes,0,UNSPECIFIED
jewel osco ice cream cake,0,UNSPECIFIED
jordan bakery,0,UNSPECIFIED
june bakery,0,UNSPECIFIED
jungle jim's bakery,0,UNSPECIFIED
junior's restaurant & bakery,0,UNSPECIFIED
jyan isaac bread,0,UNSPECIFIED
kam bakery,0,UNSPECIFIED
kam hing bakery,0,UNSPECIFIED
kamehameha bakery,0,UNSPECIFIED
karina bakery,0,UNSPECIFIED
katie rose bakery,0,UNSPECIFIED
katie's bakery,0,UNSPECIFIED
kawaii bakery,0,UNSPECIFIED
kayla bakery,0,UNSPECIFIED
kaylena marie's bakery,0,UNSPECIFIED
keller's bakery,0,UNSPECIFIED
kilani bakery,0,UNSPECIFIED
kim's bakery,0,UNSPECIFIED
king bakery near me,0,UNSPECIFIED
king cake bakery near me,0,UNSPECIFIED
king hawaiian bakery,0,UNSPECIFIED
king of kings bakery,0,UNSPECIFIED
kings bake shop,0,UNSPECIFIED
kings bakeshop,0,UNSPECIFIED
kingston bakery,0,UNSPECIFIED
kingston tropical bakery,0,UNSPECIFIED
komoda bakery,0,UNSPECIFIED
korean cake shop near me,0,UNSPECIFIED
kulu kulu bakery,0,UNSPECIFIED
la bakeri,0,UNSPECIFIED
la belle french bakery,0,UNSPECIFIED
la brea bakery downtown disney,0,UNSPECIFIED
la casita bakeshop,0,UNSPECIFIED
la delicious bread,0,UNSPECIFIED
la especial bakery,0,UNSPECIFIED
la esperanza bakery,0,UNSPECIFIED
la familia bakery,0,UNSPECIFIED
la flor bakery,0,UNSPECIFIED
la gourmandine bakery,0,UNSPECIFIED
la petite bakery,0,UNSPECIFIED
la popular bakery,0,UNSPECIFIED
la purisima bakery,0,UNSPECIFIED
la reyna bakery,0,UNSPECIFIED
lafayette grand caf & bakery,0,UNSPECIFIED
lana bakery,0,UNSPECIFIED
lana cake shop,0,UNSPECIFIED
lana cakes since 1964,0,UNSPECIFIED
lana chocolate cake,0,UNSPECIFIED
landlocked bakery,0,UNSPECIFIED
lara's bakery,0,UNSPECIFIED
las delicias bakery,0,UNSPECIFIED
last crumb bakery,0,UNSPECIFIED
lavender bakery halal,0,UNSPECIFIED
lavender bakery near me,0,UNSPECIFIED
layer cake shop,0,UNSPECIFIED
layers bakery cake price,0,UNSPECIFIED
layers bakery cakes,0,UNSPECIFIED
layers bakery i 8,0,UNSPECIFIED
layla bakery,0,UNSPECIFIED
lazy cow bakery,0,UNSPECIFIED
le bread days,0,UNSPECIFIED
le gateau cake shop,0,UNSPECIFIED
le gateau cake shop near me,0,UNSPECIFIED
lee's bakery,0,UNSPECIFIED
lego friends birthday cake,0,UNSPECIFIED
lemon bakery,0,UNSPECIFIED
lemon dream cake,0,UNSPECIFIED
lemon supreme,0,UNSPECIFIED
leos bakery,0,UNSPECIFIED
lgo bake shop,0,UNSPECIFIED
librae bakery,0,UNSPECIFIED
liguria bakery,0,UNSPECIFIED
lily bakery,0,UNSPECIFIED
lincoln bakery,0,UNSPECIFIED
linda's bakery,0,UNSPECIFIED
linda's cake shop,0,UNSPECIFIED
lindstrom bakery,0,UNSPECIFIED
little debbie ice cream discontinued,0,UNSPECIFIED
little debbie swiss roll ice cream,0,UNSPECIFIED
loaf bakery,0,UNSPECIFIED
long's bakery,0,UNSPECIFIED
long's donuts,0,UNSPECIFIED
louise bakery,0,UNSPECIFIED
love bakery,0,UNSPECIFIED
lucero's bakery,0,UNSPECIFIED
lulu's bakery,0,UNSPECIFIED
lunas bakery,0,UNSPECIFIED
mad baker,0,UNSPECIFIED
madonna inn bakery,0,UNSPECIFIED
madrid bakery,0,UNSPECIFIED
madruga bakery,0,UNSPECIFIED
maggie moose bakery,0,UNSPECIFIED
magic morning bakery,0,UNSPECIFIED
magnol bakery,0,UNSPECIFIED
magnolia chocolate chip cookies,0,UNSPECIFIED
mahabi cake shop,0,UNSPECIFIED
manila bakery,0,UNSPECIFIED
manmi bakery,0,UNSPECIFIED
mari bakeshop,0,UNSPECIFIED
maria's bakery,0,UNSPECIFIED
market basket bakery,0,UNSPECIFIED
martha bakery near me,0,UNSPECIFIED
martha cake shop,0,UNSPECIFIED
martines bakery,0,UNSPECIFIED
mary's bakery,0,UNSPECIFIED
master bakers,0,UNSPECIFIED
may bakery,0,UNSPECIFIED
mayflower bakery,0,UNSPECIFIED
mcmillans bakery,0,UNSPECIFIED
mcrennett bakery,0,UNSPECIFIED
mexican baked goods,0,UNSPECIFIED
mexican cake bakery near me,0,UNSPECIFIED
michael's bakery,0,UNSPECIFIED
michelle bakery margonda,0,UNSPECIFIED
micro bakery,0,UNSPECIFIED
mighty white bread,0,UNSPECIFIED
mike's bakery,0,UNSPECIFIED
mill bakery,0,UNSPECIFIED
miller and baker,0,UNSPECIFIED
miller bakery,0,UNSPECIFIED
minerva bakery,0,UNSPECIFIED
minimalist baker cake,0,UNSPECIFIED
minooka bakery,0,UNSPECIFIED
miracle whip chocolate cake,0,UNSPECIFIED
miranda's bakery,0,UNSPECIFIED
miss bakery,0,UNSPECIFIED
miss j bakery,0,UNSPECIFIED
mithiyaj cake shop,0,UNSPECIFIED
mix bakery,0,UNSPECIFIED
mochi bakery,0,UNSPECIFIED
moios bakery,0,UNSPECIFIED
mom's bakery,0,UNSPECIFIED
moms bakery,0,UNSPECIFIED
moon village bakery,0,UNSPECIFIED
moonbelly bakery,0,UNSPECIFIED
mor bakery,0,UNSPECIFIED
moretti bakery,0,UNSPECIFIED
morning bakery,0,UNSPECIFIED
morning light bakery,0,UNSPECIFIED
mr baker bakery,0,UNSPECIFIED
mr brown bakery near me,0,UNSPECIFIED
mr cake bakery,0,UNSPECIFIED
mrs freshley's snowballs,0,UNSPECIFIED
nadines bakery,0,UNSPECIFIED
nahum bakery,0,UNSPECIFIED
namaste bakery,0,UNSPECIFIED
nearest bakery shop to me,0,UNSPECIFIED
nemo bakery,0,UNSPECIFIED
new cake shop near me,0,UNSPECIFIED
nightingale bread,0,UNSPECIFIED
nino's bakery,0,UNSPECIFIED
nitin bakery,0,UNSPECIFIED
norimoto bakery,0,UNSPECIFIED
normas sweet bakery,0,UNSPECIFIED
nu era bakery,0,UNSPECIFIED
oakbrook bakery,0,UNSPECIFIED
oat bakery,0,UNSPECIFIED
occasion cake shop near me,0,UNSPECIFIED
oharas bakery,0,UNSPECIFIED
okayama kobo,0,UNSPECIFIED
old town bakery,0,UNSPECIFIED
olde towne bakery,0,UNSPECIFIED
olde tyme pastries,0,UNSPECIFIED
olive bakery,0,UNSPECIFIED
olivers bakery,0,UNSPECIFIED
olympia bakery,0,UNSPECIFIED
one house bakery,0,UNSPECIFIED
ono bakehouse,0,UNSPECIFIED
oreo cakesters soft snack cakes stores,0,UNSPECIFIED
otway bakery,0,UNSPECIFIED
packanack bakery,0,UNSPECIFIED
pam's bakery,0,UNSPECIFIED
panaderia glenview,0,UNSPECIFIED
panos bakery,0,UNSPECIFIED
park cake shop,0,UNSPECIFIED
park cakes,0,UNSPECIFIED
park cakes company shop,0,UNSPECIFIED
park cakes factory shop,0,UNSPECIFIED
passion bakery,0,UNSPECIFIED
pastel bakery,0,UNSPECIFIED
pastel bread,0,UNSPECIFIED
pasteleria manila,0,UNSPECIFIED
pastry cake price,0,UNSPECIFIED
pastry company,0,UNSPECIFIED
pastry house,0,UNSPECIFIED
pastry passion,0,UNSPECIFIED
pastry price,0,UNSPECIFIED
patacake bakery,0,UNSPECIFIED
patisserie chanson,0,UNSPECIFIED
patti cakes bakery,0,UNSPECIFIED
peanut butter snack cake,0,UNSPECIFIED
perenn bakery,0,UNSPECIFIED
periwinkles bakery,0,UNSPECIFIED
ph bakery,0,UNSPECIFIED
phoenix bakery near me,0,UNSPECIFIED
pierre's bakery,0,UNSPECIFIED
piggly wiggly bakery,0,UNSPECIFIED
pink cake flavors,0,UNSPECIFIED
pink paw patrol cake,0,UNSPECIFIED
plenty the bakery,0,UNSPECIFIED
polka dot bakery,0,UNSPECIFIED
polkadot cake shop,0,UNSPECIFIED
pollman's bakery,0,UNSPECIFIED
pops bakery,0,UNSPECIFIED
popular bakery,0,UNSPECIFIED
popular bakery near me,0,UNSPECIFIED
portage bakery,0,UNSPECIFIED
poulette bakeshop,0,UNSPECIFIED
pound cake bakery,0,UNSPECIFIED
poundcake bakery,0,UNSPECIFIED
premier bakery,0,UNSPECIFIED
princess and the cake,0,UNSPECIFIED
princess bakery,0,UNSPECIFIED
project bakeover,0,UNSPECIFIED
prosperity bakery,0,UNSPECIFIED
puerto rico bakery,0,UNSPECIFIED
pure love bakery,0,UNSPECIFIED
pure veg bakery near me,0,UNSPECIFIED
q bakery,0,UNSPECIFIED
queen city cakes,0,UNSPECIFIED
quickie bakery,0,UNSPECIFIED
rammona bakery,0,UNSPECIFIED
randazzo bakery,0,UNSPECIFIED
rasmalai cake shop near me,0,UNSPECIFIED
raspberry cookie cake,0,UNSPECIFIED
ravelin bakery,0,UNSPECIFIED
rays bakery,0,UNSPECIFIED
red currant bakery,0,UNSPECIFIED
red poppy bakery,0,UNSPECIFIED
red ribbon cake shop,0,UNSPECIFIED
red rose bakery,0,UNSPECIFIED
red velvet layer cake,0,UNSPECIFIED
reunion bakery,0,UNSPECIFIED
rex bakery,0,UNSPECIFIED
richies cake shop,0,UNSPECIFIED
riley's bakery,0,UNSPECIFIED
rise and shine bakery,0,UNSPECIFIED
rise baking company,0,UNSPECIFIED
rise n roll bakery,0,UNSPECIFIED
roblox cupcake cake,0,UNSPECIFIED
roblox sheet cake,0,UNSPECIFIED
rock bakery,0,UNSPECIFIED
rockwood bakery,0,UNSPECIFIED
rollers bakehouse,0,UNSPECIFIED
roly poly bakery,0,UNSPECIFIED
rosalind bakery,0,UNSPECIFIED
rosas bakery,0,UNSPECIFIED
rose ave bakery,0,UNSPECIFIED
rose bakery near me,0,UNSPECIFIED
rose pastry shop,0,UNSPECIFIED
ross bakery,0,UNSPECIFIED
route one bakery,0,UNSPECIFIED
russian bakery,0,UNSPECIFIED
russos bakery,0,UNSPECIFIED
rye bakery,0,UNSPECIFIED
saboteur bakery,0,UNSPECIFIED
sabrina's bakery,0,UNSPECIFIED
sal's bakery,0,UNSPECIFIED
salt patisserie,0,UNSPECIFIED
san carlos bakery,0,UNSPECIFIED
sara lee butter pound cake,0,UNSPECIFIED
sara lee chocolate pound cake,0,UNSPECIFIED
sara lee pound,0,UNSPECIFIED
sara's bakery,0,UNSPECIFIED
saraghina bakery,0,UNSPECIFIED
saralee cake,0,UNSPECIFIED
savory baked goods,0,UNSPECIFIED
schat's bakery,0,UNSPECIFIED
schmidt bakery,0,UNSPECIFIED
seabiscuit bakery,0,UNSPECIFIED
seasons bakery,0,UNSPECIFIED
seawolf bakery,0,UNSPECIFIED
sebastian bakehouse,0,UNSPECIFIED
servatii birthday cakes,0,UNSPECIFIED
servatii cakes,0,UNSPECIFIED
seven heaven bakery,0,UNSPECIFIED
seven hills bakery,0,UNSPECIFIED
seylou,0,UNSPECIFIED
shakalaka bakery,0,UNSPECIFIED
sherry's bakery,0,UNSPECIFIED
shiv shakti bakery,0,UNSPECIFIED
shop hostesscakes com on pack,0,UNSPECIFIED
shortcake bakery,0,UNSPECIFIED
sicilian bakery near me,0,UNSPECIFIED
simon's bakery,0,UNSPECIFIED
simply sweet bakery,0,UNSPECIFIED
sister my sister bakery,0,UNSPECIFIED
sisters bakery,0,UNSPECIFIED
slice bakery,0,UNSPECIFIED
small bakeries near me,0,UNSPECIFIED
small cake place,0,UNSPECIFIED
small cake shop,0,UNSPECIFIED
sofia bakery,0,UNSPECIFIED
soleil bakery,0,UNSPECIFIED
sonic 2 birthday cake,0,UNSPECIFIED
sonora bakery,0,UNSPECIFIED
south jersey bakery,0,UNSPECIFIED
southern bliss bakery,0,UNSPECIFIED
southern dreams bakery,0,UNSPECIFIED
spartan bakery,0,UNSPECIFIED
spike's cake shop,0,UNSPECIFIED
spongebob 16 birthday cake,0,UNSPECIFIED
spongebob cupcake cake,0,UNSPECIFIED
spongebob sweet 16 cake,0,UNSPECIFIED
st anthony bakery,0,UNSPECIFIED
st georges bakery,0,UNSPECIFIED
st johns bakery,0,UNSPECIFIED
starbucks bakery,0,UNSPECIFIED
stay sweet bakery,0,UNSPECIFIED
stitch cupcake cake,0,UNSPECIFIED
strawberry shortcake ice cream little debbie,0,UNSPECIFIED
strawberry snack cake,0,UNSPECIFIED
styertowne bakery,0,UNSPECIFIED
sugar blossom cake shop,0,UNSPECIFIED
sugar blush bakery,0,UNSPECIFIED
sugar fairy bakery,0,UNSPECIFIED
sugar mamas bakery,0,UNSPECIFIED
sugar moon bakery,0,UNSPECIFIED
sugar plum bakery,0,UNSPECIFIED
sugar ray's bakery,0,UNSPECIFIED
sugar rose bakery,0,UNSPECIFIED
sugarless bakery,0,UNSPECIFIED
sugarplum bakery,0,UNSPECIFIED
sugarplum cake shoppe,0,UNSPECIFIED
sukie's cake shop,0,UNSPECIFIED
sunday bake shop,0,UNSPECIFIED
sunday bakery,0,UNSPECIFIED
sunday morning bakehouse,0,UNSPECIFIED
sunny bakery,0,UNSPECIFIED
supreme cake,0,UNSPECIFIED
sweet affair bakery,0,UNSPECIFIED
sweet cake shop,0,UNSPECIFIED
sweet dreams cake shop,0,UNSPECIFIED
sweet escape bakery,0,UNSPECIFIED
sweet fountainz bakery,0,UNSPECIFIED
sweet house bakery,0,UNSPECIFIED
sweet joy bakery,0,UNSPECIFIED
sweet life bakery,0,UNSPECIFIED
sweet mama's bakery,0,UNSPECIFIED
sweet mary jane bakery,0,UNSPECIFIED
sweet melissa bakery,0,UNSPECIFIED
sweet north bakery,0,UNSPECIFIED
sweet nothings bakery,0,UNSPECIFIED
sweet nothings cake shop,0,UNSPECIFIED
sweet one bakery,0,UNSPECIFIED
sweet reserve bakery,0,UNSPECIFIED
sweet stop bakery,0,UNSPECIFIED
sweet times bakery,0,UNSPECIFIED
sweet touch bakery,0,UNSPECIFIED
swiss bakery near me,0,UNSPECIFIED
swiss castle bakery,0,UNSPECIFIED
swiss pastry shop black forest cake,0,UNSPECIFIED
sydenham sweet bakery,0,UNSPECIFIED
t and t bakery,0,UNSPECIFIED
tai cheong,0,UNSPECIFIED
tai cheong bakery,0,UNSPECIFIED
target bakery birthday cakes order,0,UNSPECIFIED
taron bakery,0,UNSPECIFIED
tatte near me,0,UNSPECIFIED
teds bakery,0,UNSPECIFIED
temple pastries,0,UNSPECIFIED
tepatitlan bakery,0,UNSPECIFIED
that bakery,0,UNSPECIFIED
the ambrosia bakery,0,UNSPECIFIED
the art of bakery,0,UNSPECIFIED
the bakery lounge,0,UNSPECIFIED
the bakery near me,0,UNSPECIFIED
the bread shop,0,UNSPECIFIED
the cake bake,0,UNSPECIFIED
the cake bake shop broad ripple,0,UNSPECIFIED
the cake basket,0,UNSPECIFIED
the cake corner,0,UNSPECIFIED
the cake fairy,0,UNSPECIFIED
the cake place,0,UNSPECIFIED
the cake pop shop,0,UNSPECIFIED
the cake slice,0,UNSPECIFIED
the cakery bakery,0,UNSPECIFIED
the cupcake company,0,UNSPECIFIED
the fantasy bakery,0,UNSPECIFIED
the french american bakery,0,UNSPECIFIED
the little joy bakery,0,UNSPECIFIED
the pastry company,0,UNSPECIFIED
the red velvet bakery,0,UNSPECIFIED
the sugarless bakery,0,UNSPECIFIED
the sweet escape bakery,0,UNSPECIFIED
the sweet g bakery,0,UNSPECIFIED
the sweet spot bakery,0,UNSPECIFIED
the velvet cake company,0,UNSPECIFIED
the village baker,0,UNSPECIFIED
the willow bakery,0,UNSPECIFIED
three sisters bakery,0,UNSPECIFIED
tierra caliente bakery,0,UNSPECIFIED
tiffany bakery near me,0,UNSPECIFIED
to die for bakery,0,UNSPECIFIED
to live for bakery,0,UNSPECIFIED
tokyo bakery,0,UNSPECIFIED
tokyo premium bakery,0,UNSPECIFIED
tom's bakery,0,UNSPECIFIED
tony's bakery,0,UNSPECIFIED
top bread,0,UNSPECIFIED
top cake shop near me,0,UNSPECIFIED
torres bakery,0,UNSPECIFIED
treat yo self bakery,0,UNSPECIFIED
tres leches bakery,0,UNSPECIFIED
tres leches bakery near me,0,UNSPECIFIED
tres leches cake bakery,0,UNSPECIFIED
twins cake shop,0,UNSPECIFIED
uncle mike's bakery,0,UNSPECIFIED
unique pastry shop,0,UNSPECIFIED
universal bakehouse,0,UNSPECIFIED
universal bakery,0,UNSPECIFIED
uppercrust bakery,0,UNSPECIFIED
uptown grocery bakery,0,UNSPECIFIED
valencia bakery near me,0,UNSPECIFIED
vanilla cake shop,0,UNSPECIFIED
variar bakery online,0,UNSPECIFIED
veg bakery near me,0,UNSPECIFIED
vegan danish bakery,0,UNSPECIFIED
velvet bakers,0,UNSPECIFIED
vesuvio bakery,0,UNSPECIFIED
victoria's bakery,0,UNSPECIFIED
vienna cake shop,0,UNSPECIFIED
village bake shop,0,UNSPECIFIED
village bakery aldi,0,UNSPECIFIED
village bakery webster,0,UNSPECIFIED
villanis bakery,0,UNSPECIFIED
vinal bakery,0,UNSPECIFIED
vinh xuong bakery,0,UNSPECIFIED
vintage bakery,0,UNSPECIFIED
vivi bakery,0,UNSPECIFIED
wakefield bakery,0,UNSPECIFIED
walnut bakery,0,UNSPECIFIED
waretown bakery,0,UNSPECIFIED
westhampton bakery,0,UNSPECIFIED
white flour bakery,0,UNSPECIFIED
white forest cake red ribbon,0,UNSPECIFIED
white rose bakery,0,UNSPECIFIED
wicked sweet bakery,0,UNSPECIFIED
wildflower bakery,0,UNSPECIFIED
wildlife bakery,0,UNSPECIFIED
windsor bakery,0,UNSPECIFIED
wingen bakery,0,UNSPECIFIED
woods bakery,0,UNSPECIFIED
working culture bread,0,UNSPECIFIED
wrights bakery,0,UNSPECIFIED
yankee doodle bakery,0,UNSPECIFIED
yellow dog bakery,0,UNSPECIFIED
you and me bakery,0,UNSPECIFIED
yummie bakery,0,UNSPECIFIED
